Workbook

Sheet SP500 Returns
B2: S&P 500 Historical Annual Total Returns (1995–2024)
B3: Total return = price return + dividends reinvested
B5: Year | C5: Total Return (%)
B6: 1995 | C6: 0.3758
B7: 1996 | C7: 0.2296
B8: 1997 | C8: 0.3336
B9: 1998 | C9: 0.2858
B10: 1999 | C10: 0.2104
B11: 2000 | C11: -0.091
B12: 2001 | C12: -0.1189
B13: 2002 | C13: -0.221
B14: 2003 | C14: 0.2868
B15: 2004 | C15: 0.1088
B16: 2005 | C16: 0.0491
B17: 2006 | C17: 0.1579
... B35: 2024 | C35: 0.2502
B37: Average annual return: | C37: =AVERAGE(C6:C35) -> 0.12582667
B38: Best year: | C38: =MAX(C6:C35) -> 0.3758
B39: Worst year: | C39: =MIN(C6:C35) -> -0.37
B41: Source: Slickcharts, "S&P 500 Total Returns by Year" (slickcharts.com/sp500/returns/details), data via S&P Dow Jones Indices.

Sheet Investor A - Early Start
B2: Investor A: Starts Investing Early
B3: Invests $200/month ($2,400/year) starting in 1995, for 30 years
B5: Annual contribution: | C5: 2400
B7: Year | C7: S&P 500 Return | D7: Contribution | E7: Start Balance | F7: End Balance
B8: ='SP500 Returns'!B6 -> 1995 | C8: ='SP500 Returns'!C6 -> 0.3758 | D8: =$C$5 -> 2400 | E8: 0 | F8: =(E8+D8)*(1+C8) -> 3301.92
B9: ='SP500 Returns'!B7 -> 1996 | C9: ='SP500 Returns'!C7 -> 0.2296 | D9: =$C$5 -> 2400 | E9: =F8 -> 3301.92 | F9: =(E9+D9)*(1+C9) -> 7011.0808
B10: ='SP500 Returns'!B8 -> 1997 | C10: ='SP500 Returns'!C8 -> 0.3336 | D10: =$C$5 -> 2400 | E10: =F9 -> 7011.0808 | F10: =(E10+D10)*(1+C10) -> 12550.617
B11: ='SP500 Returns'!B9 -> 1998 | C11: ='SP500 Returns'!C9 -> 0.2858 | D11: =$C$5 -> 2400 | E11: =F10 -> 12550.617 | F11: =(E11+D11)*(1+C11) -> 19223.504
B12: ='SP500 Returns'!B10 -> 1999 | C12: ='SP500 Returns'!C10 -> 0.2104 | D12: =$C$5 -> 2400 | E12: =F11 -> 19223.504 | F12: =(E12+D12)*(1+C12) -> 26173.089
B13: ='SP500 Returns'!B11 -> 2000 | C13: ='SP500 Returns'!C11 -> -0.091 | D13: =$C$5 -> 2400 | E13: =F12 -> 26173.089 | F13: =(E13+D13)*(1+C13) -> 25972.938
B14: ='SP500 Returns'!B12 -> 2001 | C14: ='SP500 Returns'!C12 -> -0.1189 | D14: =$C$5 -> 2400 | E14: =F13 -> 25972.938 | F14: =(E14+D14)*(1+C14) -> 24999.396
B15: ='SP500 Returns'!B13 -> 2002 | C15: ='SP500 Returns'!C13 -> -0.221 | D15: =$C$5 -> 2400 | E15: =F14 -> 24999.396 | F15: =(E15+D15)*(1+C15) -> 21344.129
B16: ='SP500 Returns'!B14 -> 2003 | C16: ='SP500 Returns'!C14 -> 0.2868 | D16: =$C$5 -> 2400 | E16: =F15 -> 21344.129 | F16: =(E16+D16)*(1+C16) -> 30553.945
B17: ='SP500 Returns'!B15 -> 2004 | C17: ='SP500 Returns'!C15 -> 0.1088 | D17: =$C$5 -> 2400 | E17: =F16 -> 30553.945 | F17: =(E17+D17)*(1+C17) -> 36539.335
B18: ='SP500 Returns'!B16 -> 2005 | C18: ='SP500 Returns'!C16 -> 0.0491 | D18: =$C$5 -> 2400 | E18: =F17 -> 36539.335 | F18: =(E18+D18)*(1+C18) -> 40851.256
B19: ='SP500 Returns'!B17 -> 2006 | C19: ='SP500 Returns'!C17 -> 0.1579 | D19: =$C$5 -> 2400 | E19: =F18 -> 40851.256 | F19: =(E19+D19)*(1+C19) -> 50080.629
B20: ='SP500 Returns'!B18 -> 2007 | C20: ='SP500 Returns'!C18 -> 0.0549 | D20: =$C$5 -> 2400 | E20: =F19 -> 50080.629 | F20: =(E20+D20)*(1+C20) -> 55361.816
... B37: ='SP500 Returns'!B35 -> 2024 | C37: ='SP500 Returns'!C35 -> 0.2502 | D37: =$C$5 -> 2400 | E37: =F36 -> 370872.46 | F37: =(E37+D37)*(1+C37) -> 466665.22
B39: Total contributed: | C39: =SUM(D8:D37) -> 72000
B40: Final balance (end of 2024): | C40: =F37 -> 466665.22
B41: Growth from compounding: | C41: =C40-C39 -> 394665.22

Sheet Investor B - Late Start
B2: Investor B: Starts Investing 10 Years Later
B3: Invests $300/month ($3,600/year) starting in 2005, for 20 years
B5: Annual contribution: | C5: 3600
B7: Year | C7: S&P 500 Return | D7: Contribution | E7: Start Balance | F7: End Balance
B8: ='SP500 Returns'!B16 -> 2005 | C8: ='SP500 Returns'!C16 -> 0.0491 | D8: =$C$5 -> 3600 | E8: 0 | F8: =(E8+D8)*(1+C8) -> 3776.76
B9: ='SP500 Returns'!B17 -> 2006 | C9: ='SP500 Returns'!C17 -> 0.1579 | D9: =$C$5 -> 3600 | E9: =F8 -> 3776.76 | F9: =(E9+D9)*(1+C9) -> 8541.5504
B10: ='SP500 Returns'!B18 -> 2007 | C10: ='SP500 Returns'!C18 -> 0.0549 | D10: =$C$5 -> 3600 | E10: =F9 -> 8541.5504 | F10: =(E10+D10)*(1+C10) -> 12808.122
B11: ='SP500 Returns'!B19 -> 2008 | C11: ='SP500 Returns'!C19 -> -0.37 | D11: =$C$5 -> 3600 | E11: =F10 -> 12808.122 | F11: =(E11+D11)*(1+C11) -> 10337.117
B12: ='SP500 Returns'!B20 -> 2009 | C12: ='SP500 Returns'!C20 -> 0.2646 | D12: =$C$5 -> 3600 | E12: =F11 -> 10337.117 | F12: =(E12+D12)*(1+C12) -> 17624.878
B13: ='SP500 Returns'!B21 -> 2010 | C13: ='SP500 Returns'!C21 -> 0.1506 | D13: =$C$5 -> 3600 | E13: =F12 -> 17624.878 | F13: =(E13+D13)*(1+C13) -> 24421.344
B14: ='SP500 Returns'!B22 -> 2011 | C14: ='SP500 Returns'!C22 -> 0.0211 | D14: =$C$5 -> 3600 | E14: =F13 -> 24421.344 | F14: =(E14+D14)*(1+C14) -> 28612.595
B15: ='SP500 Returns'!B23 -> 2012 | C15: ='SP500 Returns'!C23 -> 0.16 | D15: =$C$5 -> 3600 | E15: =F14 -> 28612.595 | F15: =(E15+D15)*(1+C15) -> 37366.61
B16: ='SP500 Returns'!B24 -> 2013 | C16: ='SP500 Returns'!C24 -> 0.3239 | D16: =$C$5 -> 3600 | E16: =F15 -> 37366.61 | F16: =(E16+D16)*(1+C16) -> 54235.695
B17: ='SP500 Returns'!B25 -> 2014 | C17: ='SP500 Returns'!C25 -> 0.1369 | D17: =$C$5 -> 3600 | E17: =F16 -> 54235.695 | F17: =(E17+D17)*(1+C17) -> 65753.401
B18: ='SP500 Returns'!B26 -> 2015 | C18: ='SP500 Returns'!C26 -> 0.0138 | D18: =$C$5 -> 3600 | E18: =F17 -> 65753.401 | F18: =(E18+D18)*(1+C18) -> 70310.478
B19: ='SP500 Returns'!B27 -> 2016 | C19: ='SP500 Returns'!C27 -> 0.1196 | D19: =$C$5 -> 3600 | E19: =F18 -> 70310.478 | F19: =(E19+D19)*(1+C19) -> 82750.171
B20: ='SP500 Returns'!B28 -> 2017 | C20: ='SP500 Returns'!C28 -> 0.2183 | D20: =$C$5 -> 3600 | E20: =F19 -> 82750.171 | F20: =(E20+D20)*(1+C20) -> 105200.41
... B27: ='SP500 Returns'!B35 -> 2024 | C27: ='SP500 Returns'!C35 -> 0.2502 | D27: =$C$5 -> 3600 | E27: =F26 -> 241789.13 | F27: =(E27+D27)*(1+C27) -> 306785.49
B29: Total contributed: | C29: =SUM(D8:D27) -> 72000
B30: Final balance (end of 2024): | C30: =F27 -> 306785.49
B31: Growth from compounding: | C31: =C30-C29 -> 234785.49

Sheet Summary
B2: Does Starting Early Beat Starting Late?
B3: Question: Does starting to invest earlier significantly outperform starting later, even with smaller total contributions, when investing in the S&P 500?
C5: Investor A (Early) | D5: Investor B (Late)
B6: Start year | C6: =1995 -> 1995 | D6: =2005 -> 2005
B7: Years investing | C7: =30 -> 30 | D7: =20 -> 20
B8: Monthly contribution | C8: ='Investor A - Early Start'!C5/12 -> 200 | D8: ='Investor B - Late Start'!C5/12 -> 300
B9: Total contributed | C9: ='Investor A - Early Start'!C39 -> 72000 | D9: ='Investor B - Late Start'!C29 -> 72000
B10: Final balance (end of 2024) | C10: ='Investor A - Early Start'!C40 -> 466665.22 | D10: ='Investor B - Late Start'!C30 -> 306785.49
B11: Growth from compounding | C11: ='Investor A - Early Start'!C41 -> 394665.22 | D11: ='Investor B - Late Start'!C31 -> 234785.49
B13: Difference (A minus B): | C13: =C10-D10 -> 159879.73
B16: Year | C16: Investor A Balance | D16: Investor B Balance
B17: 1995 | C17: ='Investor A - Early Start'!F8 -> 3301.92
B18: 1996 | C18: ='Investor A - Early Start'!F9 -> 7011.0808
B19: 1997 | C19: ='Investor A - Early Start'!F10 -> 12550.617
B20: 1998 | C20: ='Investor A - Early Start'!F11 -> 19223.504
B21: 1999 | C21: ='Investor A - Early Start'!F12 -> 26173.089
B22: 2000 | C22: ='Investor A - Early Start'!F13 -> 25972.938
B23: 2001 | C23: ='Investor A - Early Start'!F14 -> 24999.396
B24: 2002 | C24: ='Investor A - Early Start'!F15 -> 21344.129
B25: 2003 | C25: ='Investor A - Early Start'!F16 -> 30553.945
B26: 2004 | C26: ='Investor A - Early Start'!F17 -> 36539.335
B27: 2005 | C27: ='Investor A - Early Start'!F18 -> 40851.256 | D27: ='Investor B - Late Start'!F8 -> 3776.76
B28: 2006 | C28: ='Investor A - Early Start'!F19 -> 50080.629 | D28: ='Investor B - Late Start'!F9 -> 8541.5504
B29: 2007 | C29: ='Investor A - Early Start'!F20 -> 55361.816 | D29: ='Investor B - Late Start'!F10 -> 12808.122
B30: 2008 | C30: ='Investor A - Early Start'!F21 -> 36389.944 | D30: ='Investor B - Late Start'!F11 -> 10337.117
B31: 2009 | C31: ='Investor A - Early Start'!F22 -> 49053.763 | D31: ='Investor B - Late Start'!F12 -> 17624.878
B32: 2010 | C32: ='Investor A - Early Start'!F23 -> 59202.7 | D32: ='Investor B - Late Start'!F13 -> 24421.344
B33: 2011 | C33: ='Investor A - Early Start'!F24 -> 62902.517 | D33: ='Investor B - Late Start'!F14 -> 28612.595
B34: 2012 | C34: ='Investor A - Early Start'!F25 -> 75750.92 | D34: ='Investor B - Late Start'!F15 -> 37366.61
B35: 2013 | C35: ='Investor A - Early Start'!F26 -> 103464 | D35: ='Investor B - Late Start'!F16 -> 54235.695
B36: 2014 | C36: ='Investor A - Early Start'!F27 -> 120356.78 | D36: ='Investor B - Late Start'!F17 -> 65753.401
B37: 2015 | C37: ='Investor A - Early Start'!F28 -> 124450.83 | D37: ='Investor B - Late Start'!F18 -> 70310.478
B38: 2016 | C38: ='Investor A - Early Start'!F29 -> 142022.19 | D38: ='Investor B - Late Start'!F19 -> 82750.171
... B46: 2024 | C46: ='Investor A - Early Start'!F37 -> 466665.22 | D46: ='Investor B - Late Start'!F27 -> 306785.49
